dataset,model,horizon,seed,MAE,RMSE,time,params
uci,SeasonalNaive,24,0,0.5658815503120422,0.8390496969223022,0.0,0
uci,Linear,24,0,0.49360325932502747,0.6606127023696899,0.02715325355529785,2328
uci,SeasonalNaive,24,1,0.5658815503120422,0.8390496969223022,0.0,0
uci,Linear,24,1,0.49360325932502747,0.6606127023696899,0.02715325355529785,2328
uci,SeasonalNaive,24,2,0.5658815503120422,0.8390496969223022,0.0,0
uci,Linear,24,2,0.49360325932502747,0.6606127023696899,0.02715325355529785,2328
uci,SeasonalNaive,96,0,0.603521466255188,0.8746755123138428,0.0,0
uci,Linear,96,0,0.5126455426216125,0.6773250102996826,0.011740922927856445,9312
uci,SeasonalNaive,96,1,0.603521466255188,0.8746755123138428,0.0,0
uci,Linear,96,1,0.5126455426216125,0.6773250102996826,0.011740922927856445,9312
uci,SeasonalNaive,96,2,0.603521466255188,0.8746755123138428,0.0,0
uci,Linear,96,2,0.5126455426216125,0.6773250102996826,0.011740922927856445,9312
ett,SeasonalNaive,24,0,0.2055363804101944,0.26837077736854553,0.0,0
ett,Linear,24,0,0.15439525246620178,0.21154262125492096,0.0033342838287353516,2328
ett,SeasonalNaive,24,1,0.2055363804101944,0.26837077736854553,0.0,0
ett,Linear,24,1,0.15439525246620178,0.21154262125492096,0.0033342838287353516,2328
ett,SeasonalNaive,24,2,0.2055363804101944,0.26837077736854553,0.0,0
ett,Linear,24,2,0.15439525246620178,0.21154262125492096,0.0033342838287353516,2328
ett,SeasonalNaive,96,0,0.2898024618625641,0.377996563911438,0.0,0
ett,Linear,96,0,0.24375829100608826,0.32025396823883057,0.0058901309967041016,9312
ett,SeasonalNaive,96,1,0.2898024618625641,0.377996563911438,0.0,0
ett,Linear,96,1,0.24375829100608826,0.32025396823883057,0.0058901309967041016,9312
ett,SeasonalNaive,96,2,0.2898024618625641,0.377996563911438,0.0,0
ett,Linear,96,2,0.24375829100608826,0.32025396823883057,0.0058901309967041016,9312
ecl,SeasonalNaive,24,0,0.4892198145389557,0.8799605369567871,0.0,0
ecl,Linear,24,0,0.478590190410614,0.728303074836731,0.004621028900146484,2328
ecl,SeasonalNaive,24,1,0.4892198145389557,0.8799605369567871,0.0,0
ecl,Linear,24,1,0.478590190410614,0.728303074836731,0.004621028900146484,2328
ecl,SeasonalNaive,24,2,0.4892198145389557,0.8799605369567871,0.0,0
ecl,Linear,24,2,0.478590190410614,0.728303074836731,0.004621028900146484,2328
ecl,SeasonalNaive,96,0,0.5941294431686401,1.0211187601089478,0.0,0
ecl,Linear,96,0,0.49179577827453613,0.7484436631202698,0.006982088088989258,9312
ecl,SeasonalNaive,96,1,0.5941294431686401,1.0211187601089478,0.0,0
ecl,Linear,96,1,0.49179577827453613,0.7484436631202698,0.006982088088989258,9312
ecl,SeasonalNaive,96,2,0.5941294431686401,1.0211187601089478,0.0,0
ecl,Linear,96,2,0.49179577827453613,0.7484436631202698,0.006982088088989258,9312
